{"planets": [{"Position": [8.045816781258793e-06, 2.4842790811888627e-05], "Vector": [-3.267225881735511e-09, 4.350251999548396e-09], "Mass": 10000000000, "type": "star", "size": 10, "ID": "001"}, {"Position": [6.439710615686036, 11.256513734954172], "Vector": [0.00706609389187296, -0.008589536043634993], "Mass": 567, "type": "planet", "size": 3, "ID": "002"}, {"Position": [-4.465255881643806, -12.17701119296914], "Vector": [0.049382271270228095, -0.014319937410542494], "Mass": 554, "type": "planet", "size": 3, "ID": "003"}], "settings": []}